search_term	match_term	match_type	gene	drug	interaction_types	sources	pmids
IL10	IL10	Definite	IL10	SCH-708980	inhibitor	ChemblInteractions	""
IL10	IL10	Definite	IL10	MESALAMINE	""	NCI	15887108
IL10	IL10	Definite	IL10	FLUTICASONE PROPIONATE	""	NCI	12372131
IL10	IL10	Definite	IL10	IBUDILAST	""	DrugBank	""
IL10	IL10	Definite	IL10	ROFECOXIB	""	NCI	15613743
IL10	IL10	Definite	IL10	AMOXICILLIN	""	NCI	16815316
IL10	IL10	Definite	IL10	RABEPRAZOLE	""	NCI	16815316
IL10	IL10	Definite	IL10	ZIDOVUDINE	""	NCI	10433557
IL10	IL10	Definite	IL10	CLARITHROMYCIN	""	NCI	16815316
IL10	IL10	Definite	IL10	TRETINOIN	""	NCI	8982293
IL10	IL10	Definite	IL10	LISOFYLLINE	""	NCI	9227316
IL10	IL10	Definite	IL10	ACYCLOVIR	""	NCI	16961277
IL10	IL10	Definite	IL10	SIROLIMUS	""	NCI	12907620
IL10	IL10	Definite	IL10	TYLOSIN	""	NCI	16476120
IL6	IL6	Definite	IL6	GINSENG, ASIAN	antagonist	DrugBank	17436372|14642426
IL6	IL6	Definite	IL6	SILTUXIMAB	antagonist|antibody|inhibitor	MyCancerGenome|ChemblInteractions|DrugBank	8823310
IL6	IL6	Definite	IL6	SIRUKUMAB	inhibitor	ChemblInteractions	""
IL6	IL6	Definite	IL6	OLOKIZUMAB	inhibitor	ChemblInteractions	""
IL6	IL6	Definite	IL6	ELSILIMOMAB	inhibitor	ChemblInteractions	""
IL6	IL6	Definite	IL6	PF-04236921	inhibitor	ChemblInteractions	""
IL6	IL6	Definite	IL6	IBUDILAST	inhibitor	DrugBank|TTD	""
IL6	IL6	Definite	IL6	CLAZAKIZUMAB	inhibitor	TdgClinicalTrial|ChemblInteractions	""
IL6	IL6	Definite	IL6	INTERFERON ALFA-2B	""	NCI	10022737
IL6	IL6	Definite	IL6	CDP-6038	""	TdgClinicalTrial	""
IL6	IL6	Definite	IL6	IFOSFAMIDE	""	NCI	9260581
IL6	IL6	Definite	IL6	FENTANYL	""	NCI	9527747
IL6	IL6	Definite	IL6	VX-702	""	DrugBank	""
IL6	IL6	Definite	IL6	SAQUINAVIR	""	NCI	15388451
IL6	IL6	Definite	IL6	MIDOSTAURIN	""	NCI	10463595
IL6	IL6	Definite	IL6	DIHYDROSPINGOSINE	""	NCI	10022508
IL6	IL6	Definite	IL6	GALLIUM NITRATE	""	NCI	8788232
IL6	IL6	Definite	IL6	NELFINAVIR	""	NCI	15388451
IL6	IL6	Definite	IL6	LEVOFLOXACIN	""	NCI	12714806
IL6	IL6	Definite	IL6	VITAMIN K	""	NCI	12053098
IL6	IL6	Definite	IL6	METRONIDAZOLE	""	NCI	12111578
IL6	IL6	Definite	IL6	GEMFIBROZIL	""	NCI	8941582
IL6	IL6	Definite	IL6	LINEZOLID	""	NCI	14561977
IL6	IL6	Definite	IL6	ARSENIC TRIOXIDE	""	NCI	16638192
PSMD1	PSMD1	Definite	PSMD1	BORTEZOMIB	inhibitor	MyCancerGenome|TdgClinicalTrial|ChemblInteractions|TEND	""
PSMD1	PSMD1	Definite	PSMD1	IXAZOMIB CITRATE	inhibitor	ChemblInteractions	""
PSMD1	PSMD1	Definite	PSMD1	CARFILZOMIB	inhibitor	MyCancerGenome|ChemblInteractions	""
PSMD1	PSMD1	Definite	PSMD1	OPROZOMIB	inhibitor	TdgClinicalTrial|ChemblInteractions	""
IL13	IL13	Definite	IL13	LEBRIKIZUMAB	inhibitor	ChemblInteractions	""
IL13	IL13	Definite	IL13	ANRUKINZUMAB	inhibitor	ChemblInteractions	""
IL13	IL13	Definite	IL13	QAX-576	inhibitor	TdgClinicalTrial|ChemblInteractions	""
IL13	IL13	Definite	IL13	TRALOKINUMAB	inhibitor|antibody	TdgClinicalTrial|ChemblInteractions|TTD	""
IL13	IL13	Definite	IL13	INTERFERON BETA-1A	inhibitor	TTD	""
IL13	IL13	Definite	IL13	CINTREDEKIN BESUDOTOX	""	DrugBank	""
IL13	IL13	Definite	IL13	TNX-650	""	TdgClinicalTrial	""
ICAM1	ICAM1	Definite	ICAM1	ENLIMOMAB PEGOL	antagonist	ChemblInteractions	""
ICAM1	ICAM1	Definite	ICAM1	BI-505	antagonist	TdgClinicalTrial|ChemblInteractions	""
ICAM1	ICAM1	Definite	ICAM1	ALICAFORSEN	antisense	TdgClinicalTrial|TTD	""
ICAM1	ICAM1	Definite	ICAM1	NATALIZUMAB	""	DrugBank	11752352
ICAM1	ICAM1	Definite	ICAM1	HYALURONIC ACID	""	TdgClinicalTrial|DrugBank	""
ICAM1	ICAM1	Definite	ICAM1	LIFITEGRAST	""	TdgClinicalTrial	""
TP53	TP53	Definite	TP53	ASPIRIN	acetylation	DrugBank	21475861
TP53	TP53	Definite	TP53	BORTEZOMIB	inhibitor	TALC	""
TP53	TP53	Definite	TP53	HALOPERIDOL	""	NCI	16476148
TP53	TP53	Definite	TP53	AMG-900	""	CKB	24091768
TP53	TP53	Definite	TP53	EPIRUBICIN	""	CKB	17388661|22903472
TP53	TP53	Definite	TP53	DABRAFENIB	""	CKB	27659046
TP53	TP53	Definite	TP53	BEVACIZUMAB	""	CKB|NCI	27466356|21399868|23670029|11720743|17145525|15579019
TP53	TP53	Definite	TP53	INK-128	""	CKB	26272063|25261369
TP53	TP53	Definite	TP53	PROXYPHYLLINE	""	NCI	16751417
TP53	TP53	Definite	TP53	DIETHYLSTILBESTROL	""	NCI	15545218
TP53	TP53	Definite	TP53	AZD-6738	""	CKB|CGI	26563132|28062704
TP53	TP53	Definite	TP53	STREPTONIGRIN	""	NCI	12027749
TP53	TP53	Definite	TP53	Lesogaberan	""	DrugBank	""
TP53	TP53	Definite	TP53	GEDATOLISIB	""	CKB	23980093|21325073
TP53	TP53	Definite	TP53	URSODIOL	""	NCI	15885361
TP53	TP53	Definite	TP53	DECITABINE	""	CGI	""
TP53	TP53	Definite	TP53	PRAMLINTIDE	""	CGI	""
TP53	TP53	Definite	TP53	IRINOTECAN	""	CKB	25567130
TP53	TP53	Definite	TP53	TRAMETINIB	""	CKB	27659046
TP53	TP53	Definite	TP53	DAUNORUBICIN	""	CKB	16243804
TP53	TP53	Definite	TP53	ERLOTINIB	""	CKB	27659046
TP53	TP53	Definite	TP53	SELICICLIB	""	CKB	22862161|26826118
TP53	TP53	Definite	TP53	THIOTEPA	""	NCI	12058967
TP53	TP53	Definite	TP53	CYCLOPHOSPHAMIDE	""	CKB	17388661|16243804|26438783
TP53	TP53	Definite	TP53	GEMCITABINE	""	CKB|CGI	27167172|23520471|21389100|27815358|26228206
TP53	TP53	Definite	TP53	YONDELIS	""	NCI	16888811
TP53	TP53	Definite	TP53	PUROMYCIN	""	NCI	11866936
TP53	TP53	Definite	TP53	RIZATRIPTAN	""	NCI	14614330
TP53	TP53	Definite	TP53	FLUOROURACIL	""	PharmGKB	""
TP53	TP53	Definite	TP53	HEMICHOLINIUM-3	""	CKB	21980130
TP53	TP53	Definite	TP53	LORLATINIB	""	CKB	28285684
TP53	TP53	Definite	TP53	METHYLPREDNISOLONE	""	NCI	16684279
TP53	TP53	Definite	TP53	AZD-5363	""	CKB	26910118
TP53	TP53	Definite	TP53	NAVITOCLAX	""	CKB	27659046|26474387
TP53	TP53	Definite	TP53	VESNARINONE	""	NCI	7750082
TP53	TP53	Definite	TP53	DEMCIZUMAB	""	CKB	26855149
TP53	TP53	Definite	TP53	SP-600125	""	CKB	22438244
TP53	TP53	Definite	TP53	AZD-7762	""	CKB	23839309
TP53	TP53	Definite	TP53	ZINC CHLORIDE	""	NCI	16585387
TP53	TP53	Definite	TP53	VX-970	""	CKB	""
TP53	TP53	Definite	TP53	DS-7423	""	CKB	24504419
TP53	TP53	Definite	TP53	PRODIGIOSIN	""	CKB	26759239
TP53	TP53	Definite	TP53	AMG-337	""	CKB	26432108
TP53	TP53	Definite	TP53	DOXORUBICIN	""	CKB|CGI|CIViC	25658463|21399868|16243804|23165797|26826118|22698404|9569050
TP53	TP53	Definite	TP53	TRIFLUOPERAZINE	""	NCI	12415616
TP53	TP53	Definite	TP53	TOPOTECAN	""	CKB	26438783
TP53	TP53	Definite	TP53	ABEMACICLIB	""	CKB|CGI	27217383
TP53	TP53	Definite	TP53	Tepotinib	""	CKB	26358474
TP53	TP53	Definite	TP53	ETOPOSIDE	""	CKB	25964101
TP53	TP53	Definite	TP53	METHIMAZOLE	""	NCI	7790147
TP53	TP53	Definite	TP53	CARBOPLATIN	""	CKB|CIViC	25567130|25658463|11595686|26494859|27998224
TP53	TP53	Definite	TP53	RG-547	""	CKB	17121911
TP53	TP53	Definite	TP53	PROPYLTHIOURACIL	""	NCI	7790147
TP53	TP53	Definite	TP53	VEMURAFENIB	""	CKB	26343583|28514312
TP53	TP53	Definite	TP53	CHEMBL303958	""	CKB	21730979
TP53	TP53	Definite	TP53	DOCETAXEL	""	CKB|CIViC	21399868|22425996
TP53	TP53	Definite	TP53	RITUXIMAB	""	NCI	11895917
TP53	TP53	Definite	TP53	ALPELISIB	""	CKB	27659046
TP53	TP53	Definite	TP53	AZD-6482	""	CKB	26563132
TP53	TP53	Definite	TP53	DASATINIB	""	CKB	26855149
TP53	TP53	Definite	TP53	SELUMETINIB	""	CKB|CIViC	26343583|26272063|22425996
TP53	TP53	Definite	TP53	TRIFLURIDINE	""	CKB	25700705
TP53	TP53	Definite	TP53	PANITUMUMAB	""	CKB	28514312
TP53	TP53	Definite	TP53	GARLIC	""	NCI	16351512
TP53	TP53	Definite	TP53	CHEMBL1235116	""	DrugBank	10592235
TP53	TP53	Definite	TP53	IFOSFAMIDE	""	CKB	23165797
TP53	TP53	Definite	TP53	ENCORAFENIB	""	CKB	""
TP53	TP53	Definite	TP53	INTERFERON ALFA-2B	""	NCI	16001656
TP53	TP53	Definite	TP53	GRANISETRON	""	ClearityFoundationClinicalTrial	""
TP53	TP53	Definite	TP53	PEMBROLIZUMAB	""	CKB	28039262
TP53	TP53	Definite	TP53	ALVESPIMYCIN	""	CKB	26009011
TP53	TP53	Definite	TP53	PF-00477736	""	CKB	22713237
TP53	TP53	Definite	TP53	CYTARABINE	""	CKB	""
TP53	TP53	Definite	TP53	PF-04217903	""	CKB	27659046
TP53	TP53	Definite	TP53	SIROLIMUS	""	CKB|NCI	26144316|16651424
TP53	TP53	Definite	TP53	PHA-680632	""	CKB	18026198
TP53	TP53	Definite	TP53	INOSITOL	""	NCI	16733561
TP53	TP53	Definite	TP53	PACLITAXEL	""	PharmGKB|CKB|NCI	16459017
TP53	TP53	Definite	TP53	DUVELISIB	""	CKB	""
TP53	TP53	Definite	TP53	CHEMBL1221512	""	NCI	16224182
TP53	TP53	Definite	TP53	AZD-1775	""	CKB|CGI	27601554|27196784|21992793|23520471|21389100|19887545|21799033|28652249|22713237|27998224
TP53	TP53	Definite	TP53	MYCOPHENOLIC ACID	""	NCI	16684279
TP53	TP53	Definite	TP53	IBRUTINIB	""	CKB	26563132
TP53	TP53	Definite	TP53	TEMOZOLOMIDE	""	CKB	21730979
TP53	TP53	Definite	TP53	MITOMYCIN	""	CGI	""
TP53	TP53	Definite	TP53	CETUXIMAB	""	CIViC	24957073
TP53	TP53	Definite	TP53	PIMASERTIB	""	CKB	26228206
TP53	TP53	Definite	TP53	CAPECITABINE	""	CIViC	24957073
TP53	TP53	Definite	TP53	TAMOXIFEN	""	CIViC	10786679
TP53	TP53	Definite	TP53	RG-7602	""	CKB	27815358
TP53	TP53	Definite	TP53	PD-0325901	""	CKB	26272063
TP53	TP53	Definite	TP53	TIRAPAZAMINE	""	NCI	9647614
TP53	TP53	Definite	TP53	GOSSYPOL	""	NCI	16020667
TP53	TP53	Definite	TP53	GANETESPIB	""	CKB	26009011
TP53	TP53	Definite	TP53	CRIZOTINIB	""	CKB	25971938|27149990|26438783
TP53	TP53	Definite	TP53	CHEMBL376408	""	CKB	21468686
TP53	TP53	Definite	TP53	LY-3009120	""	CKB	26343583
TP53	TP53	Definite	TP53	VORINOSTAT	""	CKB	26009011|25669829
TP53	TP53	Definite	TP53	NUTLIN-3	""	CKB	25964101|26494859|26883273
TP53	TP53	Definite	TP53	CHEMBL392068	""	CKB	26855149
TP53	TP53	Definite	TP53	TARENFLURBIL	""	NCI	15710360
TP53	TP53	Definite	TP53	OLAPARIB	""	CKB	22172724
TP53	TP53	Definite	TP53	CAPMATINIB	""	CKB	25971938
TP53	TP53	Definite	TP53	TANESPIMYCIN	""	CKB	26009011
TP53	TP53	Definite	TP53	OXALIPLATIN	""	CKB|CIViC	24957073|21468686
TP53	TP53	Definite	TP53	PAZOPANIB	""	CKB	26646755|25669829
TP53	TP53	Definite	TP53	DACTOLISIB	""	CKB	26272063
TP53	TP53	Definite	TP53	ENALAPRIL	""	NCI	16900775
IL2	IL2	Definite	IL2	QUININE	""	NCI	3497888|2846451
IL2	IL2	Definite	IL2	TICARCILLIN	""	NCI	1598936
IL2	IL2	Definite	IL2	PENTAMIDINE ISETHIONATE	""	NCI	8564607
IL2	IL2	Definite	IL2	METOCLOPRAMIDE	""	NCI	8191163
IL2	IL2	Definite	IL2	ITRACONAZOLE	""	NCI	1330944
IL2	IL2	Definite	IL2	MIDOSTAURIN	""	NCI	15914319
IL2	IL2	Definite	IL2	HALOFUGINONE	""	NCI	15177499
IL2	IL2	Definite	IL2	CHEMBL429852	""	DrugBank	10592235|17139284|17016423
IL2	IL2	Definite	IL2	CYCLOSPORINE	""	NCI	12135706|7529939
IL2	IL2	Definite	IL2	PEFLOXACIN	""	NCI	9869897
IL2	IL2	Definite	IL2	BROMOCRIPTINE	""	NCI	8191163
IL2	IL2	Definite	IL2	TROPISETRON	""	NCI	11053919
IL2	IL2	Definite	IL2	DIETHYLSTILBESTROL DIPHOSPHATE	""	NCI	8083332
IL2	IL2	Definite	IL2	CALCITRIOL	""	NCI	3492067
IL2	IL2	Definite	IL2	PROCHLORPERAZINE	""	NCI	8564607
IL2	IL2	Definite	IL2	TRICHOSTATIN	""	NCI	8682722
IL2	IL2	Definite	IL2	INTERFERON BETA-1B	""	NCI	9628465
IL2	IL2	Definite	IL2	CHEMBL106187	""	DrugBank	10592235|17139284|17016423
IL2	IL2	Definite	IL2	TYLOSIN	""	NCI	1513198
IL2	IL2	Definite	IL2	ROXITHROMYCIN	""	NCI	1513198
IL2	IL2	Definite	IL2	BECLOMETHASONE	""	NCI	8071057
IL2	IL2	Definite	IL2	TARGININE	""	NCI	8475085
IL2	IL2	Definite	IL2	CLOZAPINE	""	NCI	15053234
IL2	IL2	Definite	IL2	METHOTREXATE	""	NCI	9669212
IL2	IL2	Definite	IL2	GLYBURIDE	""	NCI	10466081
IL2	IL2	Definite	IL2	PRASTERONE	""	NCI	16091484
IL2	IL2	Definite	IL2	IMIPENEM	""	NCI	7796708
IL2	IL2	Definite	IL2	EDARAVONE	""	NCI	1698527
IL2	IL2	Definite	IL2	GENTAMICIN	""	NCI	1598936
IL2	IL2	Definite	IL2	CEFEPIME	""	NCI	8106902
IL2	IL2	Definite	IL2	ACETAMINOPHEN	""	NCI	11053919
IL2	IL2	Definite	IL2	AZIRIDINE	""	NCI	17197726
IL2	IL2	Definite	IL2	PYRIMETHAMINE	""	NCI	3497888
IL2	IL2	Definite	IL2	OFLOXACIN	""	NCI	2115511
IL2	IL2	Definite	IL2	GARLIC	""	NCI	10737264
IL2	IL2	Definite	IL2	GONADOTROPIN, CHORIONIC	""	NCI	9334854
IL2	IL2	Definite	IL2	APREMILAST	""	DrugBank	""
IL2	IL2	Definite	IL2	GIRENTUXIMAB	""	DrugBank	""
IL2	IL2	Definite	IL2	AMIKACIN SULFATE	""	NCI	1598936
IL2	IL2	Definite	IL2	PERFOSFAMIDE	""	NCI	3497116
IL2	IL2	Definite	IL2	PRAVASTATIN	""	NCI	16051523
IL2	IL2	Definite	IL2	DIDEMNIN B	""	NCI	3258949
IL1B	IL1B	Definite	IL1B	CANAKINUMAB	inhibitor|binder|antibody	MyCancerGenome|TdgClinicalTrial|ChemblInteractions|TEND|DrugBank|TTD	19169963
IL1B	IL1B	Definite	IL1B	RILONACEPT	inhibitor|binder	ChemblInteractions|DrugBank|TTD	23319019|23553601
IL1B	IL1B	Definite	IL1B	GALLIUM NITRATE	antagonist|inhibitor	DrugBank|TTD	16122880
IL1B	IL1B	Definite	IL1B	AMG-108	antibody	TTD	""
IL1B	IL1B	Definite	IL1B	IBUDILAST	inhibitor	DrugBank|TTD	""
IL1B	IL1B	Definite	IL1B	PENTOXIFYLLINE	""	NCI	8048000
IL1B	IL1B	Definite	IL1B	GEVOKIZUMAB	""	TdgClinicalTrial|ChemblInteractions|DrugBank	""
IL1B	IL1B	Definite	IL1B	VX-702	""	DrugBank	""
IL1B	IL1B	Definite	IL1B	CELASTROL	""	TTD	""
IL1B	IL1B	Definite	IL1B	NICARDIPINE	""	NCI	1888883
IL1B	IL1B	Definite	IL1B	ACITRETIN	""	NCI	2954576|1431212
IL1B	IL1B	Definite	IL1B	PENTAMIDINE	""	NCI	8370344
IL1B	IL1B	Definite	IL1B	THYROGLOBULIN	""	NCI	2788696
IL1B	IL1B	Definite	IL1B	CEFACLOR	""	NCI	3260587
IL1B	IL1B	Definite	IL1B	PHORBOL MYRISTATE ACETATE	""	NCI	8615653
IL1B	IL1B	Definite	IL1B	MEDRONIC ACID	""	PharmGKB	""
IL1B	IL1B	Definite	IL1B	RESVERATROL	""	NCI	16389574
IL1B	IL1B	Definite	IL1B	OFLOXACIN	""	NCI	3260587
IL1B	IL1B	Definite	IL1B	DIACEREIN	""	TdgClinicalTrial	""
IL1B	IL1B	Definite	IL1B	RALOXIFENE	""	NCI	12773123
IL1B	IL1B	Definite	IL1B	MAFOSFAMIDE	""	NCI	3497116
IL1B	IL1B	Definite	IL1B	CLODRONATE DISODIUM	""	PharmGKB	""
IL1B	IL1B	Definite	IL1B	ERYTHROMYCIN	""	NCI	2534682
IL1B	IL1B	Definite	IL1B	CYTARABINE	""	NCI	7523795
IL1B	IL1B	Definite	IL1B	LANSOPRAZOLE	""	NCI	16815316
IL1B	IL1B	Definite	IL1B	HYDROQUINONE	""	NCI	7589278
IL1B	IL1B	Definite	IL1B	FLUTICASONE PROPIONATE	""	NCI	11943316
IL1B	IL1B	Definite	IL1B	BELNACASAN	""	DrugBank	""
IL1B	IL1B	Definite	IL1B	MELATONIN	""	NCI	8077674
IL1B	IL1B	Definite	IL1B	SODIUM beta-NICOTINAMIDE ADENINE DINUCLEOTIDE PHOSPHATE	""	NCI	8724378
IL1B	IL1B	Definite	IL1B	HYDROCORTISONE	""	NCI	2162889
IL1B	IL1B	Definite	IL1B	LITHIUM	""	NCI	9342951
IL1B	IL1B	Definite	IL1B	NIMUSTINE HYDROCHLORIDE	""	NCI	2350191|1331350
IL1B	IL1B	Definite	IL1B	BECLOMETHASONE DIPROPIONATE	""	NCI	9176529
IL1B	IL1B	Definite	IL1B	TALMAPIMOD	""	DrugBank	""
IL1B	IL1B	Definite	IL1B	VERAPAMIL	""	NCI	2686646
IL1B	IL1B	Definite	IL1B	ETIPREDNOL DICLOACETATE	""	DrugBank	""
MAPK8	MAPK8	Definite	MAPK8	METARAMINOL	inhibitor	GuideToPharmacologyInteractions	""
MAPK8	MAPK8	Definite	MAPK8	HEXANE	inhibitor	GuideToPharmacologyInteractions	""
MAPK8	MAPK8	Definite	MAPK8	CHEMBL210618	inhibitor	GuideToPharmacologyInteractions	""
MAPK8	MAPK8	Definite	MAPK8	SP-600125	inhibitor	GuideToPharmacologyInteractions|DrugBank	10592235
MAPK8	MAPK8	Definite	MAPK8	CC-401	inhibitor	ChemblInteractions|TTD	""
MAPK8	MAPK8	Definite	MAPK8	Bentamapimod	inhibitor	ChemblInteractions	""
MAPK8	MAPK8	Definite	MAPK8	TANZISERTIB	inhibitor	ChemblInteractions	""
MAPK8	MAPK8	Definite	MAPK8	CHEMBL382639	""	DrugBank	10592235
MAPK8	MAPK8	Definite	MAPK8	VITAMIN E	""	NCI	16909121
MAPK8	MAPK8	Definite	MAPK8	PRAZOSIN	""	NCI	12095132
MAPK8	MAPK8	Definite	MAPK8	TRETINOIN	""	NCI	11927016
MAPK8	MAPK8	Definite	MAPK8	GEFITINIB	""	NCI	17205515
MAPK8	MAPK8	Definite	MAPK8	CHEMBL207228	""	DrugBank	10592235
MAPK8	MAPK8	Definite	MAPK8	BUTYLATED HYDROXYTOLUENE	""	NCI	11228746
MAPK8	MAPK8	Definite	MAPK8	BLEOMYCIN (CHEMBL3039590)	""	NCI	16148050
MAPK8	MAPK8	Definite	MAPK8	OXYTOCIN	""	NCI	11566737
MAPK8	MAPK8	Definite	MAPK8	DOXYCYCLINE	""	NCI	16202406|15728539
MAPK8	MAPK8	Definite	MAPK8	CHEMBL209740	""	DrugBank	10592235
MAPK8	MAPK8	Definite	MAPK8	BEXAROTENE	""	NCI	17027148
MAPK8	MAPK8	Definite	MAPK8	2-METHOXYESTRADIOL	""	NCI	9647742
MAPK8	MAPK8	Definite	MAPK8	DEXTRAN SULFATE SODIUM	""	NCI	17365404
MAPK8	MAPK8	Definite	MAPK8	CHEMBL242237	""	DrugBank	10592235
MAPK8	MAPK8	Definite	MAPK8	DEXRAZOXANE	""	NCI	10487526
MAPK8	MAPK8	Definite	MAPK8	ENALAPRIL	""	NCI	16772709
TNF	TNF	Definite	TNF	ETANERCEPT	antibody|inhibitor	PharmGKB|TdgClinicalTrial|ChemblInteractions|TEND|DrugBank|TTD	10375846|10405518|10206649|11752352|10338381|10357816
TNF	TNF	Definite	TNF	ADALIMUMAB	antibody|inhibitor	PharmGKB|TdgClinicalTrial|ChemblInteractions|TEND|DrugBank|TTD	12044041|15022409|14532145|15046527|11752352|15200343
TNF	TNF	Definite	TNF	INFLIXIMAB	inhibitor|antibody	PharmGKB|TdgClinicalTrial|ChemblInteractions|TEND|DrugBank|TTD	16456024|16052578|12110154|15481318|15691299|15674127|15804598|11752352|15691217|17642244|16622728
TNF	TNF	Definite	TNF	THALIDOMIDE	inhibitor	TdgClinicalTrial|TEND|DrugBank|TTD	8755512|12046682|12167383|12105857|12102294|11752352|12113124
TNF	TNF	Definite	TNF	INAMRINONE	inhibitor	DrugBank	11805217|1611705|10075051|11969359|10444479
TNF	TNF	Definite	TNF	GOLIMUMAB	antibody|inhibitor	TdgClinicalTrial|ChemblInteractions|TEND|DrugBank|TTD	21079302
TNF	TNF	Definite	TNF	CERTOLIZUMAB PEGOL	neutralizer|antibody|inhibitor	TdgClinicalTrial|ChemblInteractions|TEND|DrugBank|TTD	23620660
TNF	TNF	Definite	TNF	POMALIDOMIDE	inhibitor	DrugBank	22917017
TNF	TNF	Definite	TNF	NAFAMOSTAT	antibody	TdgClinicalTrial|TTD	""
TNF	TNF	Definite	TNF	TALACTOFERRIN ALFA	inhibitor	TTD	""
TNF	TNF	Definite	TNF	URAPIDIL	inhibitor	TdgClinicalTrial|TTD	""
TNF	TNF	Definite	TNF	PLACULUMAB	inhibitor	TdgClinicalTrial|ChemblInteractions|DrugBank|TTD	""
TNF	TNF	Definite	TNF	DELMITIDE	inhibitor	TTD	""
TNF	TNF	Definite	TNF	CHEMBL219629	inhibitor	TTD	""
TNF	TNF	Definite	TNF	VADIMEZAN	inducer	TALC	""
TNF	TNF	Definite	TNF	PIRFENIDONE	inhibitor	TTD	""
TNF	TNF	Definite	TNF	AJULEMIC ACID	inhibitor	TTD	""
TNF	TNF	Definite	TNF	PENTOXIFYLLINE	antibody	TTD	""
TNF	TNF	Definite	TNF	LENALIDOMIDE	inhibitor	ClearityFoundationClinicalTrial|TTD	""
TNF	TNF	Definite	TNF	ORTATAXEL	inhibitor	TTD	""
TNF	TNF	Definite	TNF	LENERCEPT	inhibitor	ChemblInteractions	""
TNF	TNF	Definite	TNF	NERELIMOMAB	inhibitor	ChemblInteractions	""
TNF	TNF	Definite	TNF	AFELIMOMAB	inhibitor	ChemblInteractions|DrugBank	10829362
TNF	TNF	Definite	TNF	ONERCEPT	inhibitor	ChemblInteractions	""
TNF	TNF	Definite	TNF	OZORALIZUMAB	inhibitor	TdgClinicalTrial|ChemblInteractions	""
TNF	TNF	Definite	TNF	PEGSUNERCEPT	inhibitor	ChemblInteractions	""
TNF	TNF	Definite	TNF	AZ-9773	inhibitor	ChemblInteractions	""
TNF	TNF	Definite	TNF	CHLOROQUINE	""	DrugBank	16670522|16418198|16870179|16761500|17456179
TNF	TNF	Definite	TNF	RISPERIDONE	""	NCI	15567770|11545247
TNF	TNF	Definite	TNF	APREMILAST	""	DrugBank	""
TNF	TNF	Definite	TNF	LACTULOSE HYDRATE	""	NCI	11226652
TNF	TNF	Definite	TNF	VX-702	""	DrugBank	""
TNF	TNF	Definite	TNF	TALMAPIMOD	""	DrugBank	""
TNF	TNF	Definite	TNF	HYDROXYCHLOROQUINE	""	NCI	9002011
TNF	TNF	Definite	TNF	PRANLUKAST	""	DrugBank	12801316|17430359|12801315
TNF	TNF	Definite	TNF	MAGNESIUM SULFATE	""	NCI	16384608
TNF	TNF	Definite	TNF	CHEMBL173373	""	DrugBank	""
TNF	TNF	Definite	TNF	ABACAVIR	""	PharmGKB	""
TNF	TNF	Definite	TNF	RABEPRAZOLE	""	NCI	16815316
TNF	TNF	Definite	TNF	OMEPRAZOLE	""	NCI	16815316
TNF	TNF	Definite	TNF	GLUCOSAMINE	""	DrugBank	16445576|12244074|16469053|16431966|15930455
TNF	TNF	Definite	TNF	MIDOSTAURIN	""	NCI	15914319
TNF	TNF	Definite	TNF	BUPIVACAINE	""	NCI	15781526
TNF	TNF	Definite	TNF	DERSALAZINE	""	TdgClinicalTrial	""
TNF	TNF	Definite	TNF	MILTEFOSINE	""	NCI	7883777
TNF	TNF	Definite	TNF	PHORBOL MYRISTATE ACETATE	""	NCI	8615653
TNF	TNF	Definite	TNF	IBUDILAST	""	DrugBank	""
TNF	TNF	Definite	TNF	RUTIN	""	NCI	12423426
TNF	TNF	Definite	TNF	PRAZOSIN HYDROCHLORIDE	""	NCI	11406472
TNF	TNF	Definite	TNF	CARBAMAZEPINE	""	PharmGKB|NCI	15565432
TNF	TNF	Definite	TNF	CELASTROL	""	TTD	""
TNF	TNF	Definite	TNF	MIDAZOLAM	""	NCI	16406030
TNF	TNF	Definite	TNF	PROCARBAZINE	""	NCI	12230110
TNF	TNF	Definite	TNF	PROPYLTHIOURACIL	""	NCI	15119959
TNF	TNF	Definite	TNF	TIMOLOL MALEATE	""	NCI	12219997
TNF	TNF	Definite	TNF	MEROPENEM	""	NCI	8354907
TNF	TNF	Definite	TNF	PYRIDOXINE	""	NCI	16277693
TNF	TNF	Definite	TNF	HALOFUGINONE	""	NCI	16769768
TNF	TNF	Definite	TNF	PENICILLIN G SODIUM	""	NCI	1375873
TNF	TNF	Definite	TNF	DIDANOSINE	""	NCI	9430255
TNF	TNF	Definite	TNF	CEFOTAXIME	""	NCI	8354907|10989981
TNF	TNF	Definite	TNF	FOLIC ACID	""	NCI	14608078
TNF	TNF	Definite	TNF	SPIRONOLACTONE	""	NCI	16837769
TNF	TNF	Definite	TNF	GENTAMICIN	""	NCI	14565862
TNF	TNF	Definite	TNF	GLIMEPIRIDE	""	NCI	14686960
TNF	TNF	Definite	TNF	METHIMAZOLE	""	NCI	8491516
TNF	TNF	Definite	TNF	NORDIHYDROGUAIARETIC ACID	""	NCI	15379894
TNF	TNF	Definite	TNF	PF-04236921	""	TdgClinicalTrial	""
TNF	TNF	Definite	TNF	CROMOLYN SODIUM	""	NCI	7554404
TNF	TNF	Definite	TNF	FLUOCINOLONE ACETONIDE	""	NCI	16454812
TNF	TNF	Definite	TNF	BETA-LAPACHONE	""	NCI	10075082
TNF	TNF	Definite	TNF	CLENBUTEROL	""	DrugBank	17139543|11193379|15021963|10071758|16261833
TLR4	TLR4	Definite	TLR4	ERITORAN TETRASODIUM (CHEMBL3301672)	antagonist	ChemblInteractions	""
TLR4	TLR4	Definite	TLR4	CHEMBL225157	antagonist	GuideToPharmacologyInteractions|TTD	""
TLR4	TLR4	Definite	TLR4	RITONAVIR	""	NCI	15388451
TLR4	TLR4	Definite	TLR4	FOLIC ACID	""	PharmGKB	""
TLR4	TLR4	Definite	TLR4	CHEMBL1232858	""	DrugBank	10592235
TLR4	TLR4	Definite	TLR4	ERITORAN (CHEMBL501259)	""	TdgClinicalTrial|DrugBank	16820585|17803912
TLR4	TLR4	Definite	TLR4	INFLIXIMAB	""	NCI	12847679
TLR4	TLR4	Definite	TLR4	SAQUINAVIR	""	NCI	15388451
TLR4	TLR4	Definite	TLR4	NELFINAVIR	""	NCI	15388451
TLR4	TLR4	Definite	TLR4	DODECANOATE	""	DrugBank	10592235
TLR4	TLR4	Definite	TLR4	MYRISTIC ACID	""	DrugBank	10592235
TLR4	TLR4	Definite	TLR4	ALCOHOL	""	NCI	11431739
TLR4	TLR4	Definite	TLR4	GOLOTIMOD	""	DrugBank	""
AKT1	AKT1	Definite	AKT1	ARSENIC TRIOXIDE	inducer	DrugBank	12472888|12529330|15580309|15916724|16239170
AKT1	AKT1	Definite	AKT1	MK-2206	inhibitor|inhibitory allosteric modulator|allosteric modulator	TALC|ClearityFoundationBiomarkers|MyCancerGenome|TdgClinicalTrial|ClearityFoundationClinicalTrial|CKB|GuideToPharmacologyInteractions|ChemblInteractions|CancerCommons|MyCancerGenomeClinicalTrial|TTD	24265152|25551293
AKT1	AKT1	Definite	AKT1	PERIFOSINE	inhibitor	TALC|TdgClinicalTrial|CKB|MyCancerGenomeClinicalTrial|TTD	25519148
AKT1	AKT1	Definite	AKT1	AZD-5363	inhibitor	MyCancerGenome|ClearityFoundationClinicalTrial|OncoKB|CKB|GuideToPharmacologyInteractions|ChemblInteractions|CIViC	26351323|26931343|28376212|22294718|23394218|28489509
AKT1	AKT1	Definite	AKT1	IPATASERTIB	inhibitor	MyCancerGenome|TdgClinicalTrial|ClearityFoundationClinicalTrial|CKB|GuideToPharmacologyInteractions|ChemblInteractions|MyCancerGenomeClinicalTrial|TTD	27872130
AKT1	AKT1	Definite	AKT1	TRICIRIBINE PHOSPHATE	inhibitor	ChemblInteractions|TTD	""
AKT1	AKT1	Definite	AKT1	NELFINAVIR	inhibitor	TALC	""
AKT1	AKT1	Definite	AKT1	AZD-4547	inhibitor	CKB|MyCancerGenomeClinicalTrial	26351323
AKT1	AKT1	Definite	AKT1	EVEROLIMUS	inhibitor	CKB|CGI|MyCancerGenomeClinicalTrial	""
AKT1	AKT1	Definite	AKT1	XL-418	inhibitor	TdgClinicalTrial|ChemblInteractions|TTD	""
AKT1	AKT1	Definite	AKT1	ENZASTAURIN	inhibitor	TTD	""
AKT1	AKT1	Definite	AKT1	OMIPALISIB	inhibitor	MyCancerGenomeClinicalTrial	""
AKT1	AKT1	Definite	AKT1	ARQ-092	allosteric modulator|inhibitor	ClearityFoundationBiomarkers|CKB|GuideToPharmacologyInteractions|ChemblInteractions	26469692
AKT1	AKT1	Definite	AKT1	A-443654	inhibitor	GuideToPharmacologyInteractions	""
AKT1	AKT1	Definite	AKT1	CHEMBL379218	inhibitor	GuideToPharmacologyInteractions	""
AKT1	AKT1	Definite	AKT1	AFURESERTIB	inhibitor	GuideToPharmacologyInteractions|ChemblInteractions	""
AKT1	AKT1	Definite	AKT1	GSK-690693	inhibitor	GuideToPharmacologyInteractions|ChemblInteractions	""
AKT1	AKT1	Definite	AKT1	UPROSERTIB	inhibitor	CKB|GuideToPharmacologyInteractions|ChemblInteractions	24735930|24978597|23795919|26429956
AKT1	AKT1	Definite	AKT1	BAY-1125976	inhibitor	CKB|ChemblInteractions	27699769
AKT1	AKT1	Definite	AKT1	MK-2201	inhibitor	ChemblInteractions	""
AKT1	AKT1	Definite	AKT1	SR-13668	inhibitor	ChemblInteractions	""
AKT1	AKT1	Definite	AKT1	LY-2780301	inhibitor	ChemblInteractions	""
AKT1	AKT1	Definite	AKT1	MSC-2363318A	inhibitor	ChemblInteractions	""
AKT1	AKT1	Definite	AKT1	CHEMBL23552	""	DrugBank	17139284|17016423
AKT1	AKT1	Definite	AKT1	IRINOTECAN	""	CKB	25714871
AKT1	AKT1	Definite	AKT1	GEMCITABINE	""	CKB	""
AKT1	AKT1	Definite	AKT1	SIROLIMUS	""	CKB	18708578
AKT1	AKT1	Definite	AKT1	ALPELISIB	""	CKB	27604488
AKT1	AKT1	Definite	AKT1	DOXORUBICIN	""	CKB	18708578
AKT1	AKT1	Definite	AKT1	RISPERIDONE	""	PharmGKB	""
AKT1	AKT1	Definite	AKT1	ADENOSINE TRIPHOSPHATE	""	DrugBank	17041888
AKT1	AKT1	Definite	AKT1	WORTMANNIN	""	NCI	10187855
AKT1	AKT1	Definite	AKT1	TRICIRIBINE	""	ClearityFoundationBiomarkers|TdgClinicalTrial|ClearityFoundationClinicalTrial|CKB	20644979
AKT1	AKT1	Definite	AKT1	TEMSIROLIMUS	""	CKB	27016228
AKT1	AKT1	Definite	AKT1	AFURESERTIB HYDROCHLORIDE	""	ClearityFoundationClinicalTrial	""
AKT1	AKT1	Definite	AKT1	SORAFENIB	""	CKB	""
AKT1	AKT1	Definite	AKT1	PACLITAXEL	""	CKB	""
AKT1	AKT1	Definite	AKT1	CHEMBL259833	""	DrugBank	10592235
AKT1	AKT1	Definite	AKT1	CHEMBL428963	""	DrugBank	10592235
AKT1	AKT1	Definite	AKT1	PICTILISIB	""	CKB	27604488
AKT1	AKT1	Definite	AKT1	CETUXIMAB	""	CKB	25714871
AKT1	AKT1	Definite	AKT1	VEMURAFENIB	""	CKB|CIViC	24265152
AKT1	AKT1	Definite	AKT1	APITOLISIB	""	CKB	""
IL4	IL4	Definite	IL4	PASCOLIZUMAB	inhibitor	ChemblInteractions	""
CXCL8	CXCL8	Definite	CXCL8	RIVANICLINE	antagonist	DrugBank	16715250
CXCL8	CXCL8	Definite	CXCL8	ABX-IL8	inhibitor	ChemblInteractions	""
CXCL8	CXCL8	Definite	CXCL8	HuMax-IL8	inhibitor	ChemblInteractions	""
CXCL8	CXCL8	Definite	CXCL8	CIDOFOVIR	""	NCI	10630964
CXCL8	CXCL8	Definite	CXCL8	ALPRAZOLAM	""	NCI	12218154
CXCL8	CXCL8	Definite	CXCL8	TALC	""	NCI	17000556
CXCL8	CXCL8	Definite	CXCL8	TRETINOIN	""	NCI	8900181
CXCL8	CXCL8	Definite	CXCL8	TERFENADINE	""	NCI	8919641
CXCL8	CXCL8	Definite	CXCL8	TOCOPHEROL ACETATE	""	NCI	15150308
CXCL8	CXCL8	Definite	CXCL8	TROGLITAZONE	""	NCI	12364456
CXCL8	CXCL8	Definite	CXCL8	LANSOPRAZOLE	""	NCI	17122965
CXCL8	CXCL8	Definite	CXCL8	DIPYRIDAMOLE	""	NCI	10660968
CXCL8	CXCL8	Definite	CXCL8	IONOMYCIN	""	NCI	7510691
CXCL8	CXCL8	Definite	CXCL8	PHORBOL MYRISTATE ACETATE	""	NCI	7510691
CXCL8	CXCL8	Definite	CXCL8	METHIMAZOLE	""	NCI	11453524
CXCL8	CXCL8	Definite	CXCL8	HYDROQUINONE	""	NCI	17118622
CXCL8	CXCL8	Definite	CXCL8	MEDROXYPROGESTERONE ACETATE	""	NCI	15914533
CXCL8	CXCL8	Definite	CXCL8	METHYLENE BLUE	""	NCI	12500513
CXCL8	CXCL8	Definite	CXCL8	CYCLOPHOSPHAMIDE	""	PharmGKB	""
CXCL8	CXCL8	Definite	CXCL8	FENRETINIDE	""	NCI	16979119
CXCL8	CXCL8	Definite	CXCL8	ACETAMINOPHEN	""	NCI	15878691
CXCL8	CXCL8	Definite	CXCL8	CETUXIMAB	""	NCI	10614716|15908664|10037173
CXCL8	CXCL8	Definite	CXCL8	ALUMINUM HYDROXIDE	""	NCI	10466876
CXCL8	CXCL8	Definite	CXCL8	CHEMBL262489	""	DrugBank	""
CXCL8	CXCL8	Definite	CXCL8	PACLITAXEL	""	NCI	9271387
CXCL8	CXCL8	Definite	CXCL8	OMEPRAZOLE	""	NCI	17122965
CXCL8	CXCL8	Definite	CXCL8	PAMIDRONIC ACID	""	NCI	12006522
CXCL8	CXCL8	Definite	CXCL8	FENTANYL	""	NCI	9527747
CXCL8	CXCL8	Definite	CXCL8	CEFTRIAXONE	""	NCI	8011012
CXCL8	CXCL8	Definite	CXCL8	PENTOXIFYLLINE	""	NCI	12576442
CXCL8	CXCL8	Definite	CXCL8	LEFLUNOMIDE	""	NCI	10902750
CXCL8	CXCL8	Definite	CXCL8	MIDAZOLAM	""	NCI	9620522
CXCL8	CXCL8	Definite	CXCL8	DANAZOL	""	NCI	16161451
CXCL8	CXCL8	Definite	CXCL8	RUTIN	""	NCI	9292787
CXCL8	CXCL8	Definite	CXCL8	BEVACIZUMAB	""	PharmGKB	""
CXCL8	CXCL8	Definite	CXCL8	FOSCARNET	""	NCI	10630964
CXCL8	CXCL8	Definite	CXCL8	CHEMBL1213492	""	NCI	12010777
CXCL8	CXCL8	Definite	CXCL8	ASPIRIN	""	NCI	12576442
CXCL8	CXCL8	Definite	CXCL8	NAPROXEN	""	NCI	11852880
CXCL8	CXCL8	Definite	CXCL8	VERAPAMIL	""	NCI	2686646
CXCL8	CXCL8	Definite	CXCL8	CLARITHROMYCIN	""	NCI	12003967
RHOA	RHOA	Definite	RHOA	CHEMBL384759	""	DrugBank	10592235|17139284|17016423
SMAD3	SMAD3	Definite	SMAD3	GENISTEIN	""	NCI	15963949
SMAD3	SMAD3	Definite	SMAD3	LEUPROLIDE ACETATE	""	NCI	14678567
SMAD3	SMAD3	Definite	SMAD3	DEXAMETHASONE	""	NCI	15817834
SMAD3	SMAD3	Definite	SMAD3	HALOFUGINONE	""	NCI	11874485
MAPK1	MAPK1	Definite	MAPK1	ISOPRENALINE	inducer	DrugBank	15292328|20732414|15138589|13679574|15689414|12963636
MAPK1	MAPK1	Definite	MAPK1	ARSENIC TRIOXIDE	inducer	TdgClinicalTrial|DrugBank	12426127|12529330
MAPK1	MAPK1	Definite	MAPK1	CHIR-99021	inhibitor	GuideToPharmacologyInteractions	""
MAPK1	MAPK1	Definite	MAPK1	Ulixertinib	inhibitor	GuideToPharmacologyInteractions|ChemblInteractions	""
MAPK1	MAPK1	Definite	MAPK1	GDC-0994	inhibitor	ChemblInteractions	""
MAPK1	MAPK1	Definite	MAPK1	MK-8353	inhibitor	ChemblInteractions	""
MAPK1	MAPK1	Definite	MAPK1	CHEMBL369507	""	DrugBank	10592235|17139284|17016423
MAPK1	MAPK1	Definite	MAPK1	CHEMBL1229592	""	CIViC	22961667
MAPK1	MAPK1	Definite	MAPK1	GONADOTROPIN, CHORIONIC	""	NCI	15242988
MAPK1	MAPK1	Definite	MAPK1	BUMETANIDE	""	NCI	11807827
MAPK1	MAPK1	Definite	MAPK1	TURPENTINE	""	DrugBank	""
MAPK1	MAPK1	Definite	MAPK1	BENZOQUINONE	""	NCI	15652497
MAPK1	MAPK1	Definite	MAPK1	CHEMBL387385	""	DrugBank	10592235
MAPK1	MAPK1	Definite	MAPK1	LEVODOPA	""	NCI	16139809
MAPK1	MAPK1	Definite	MAPK1	HYPOTHEMYCIN	""	DrugBank	10592235
MAPK1	MAPK1	Definite	MAPK1	URSODIOL	""	NCI	14747693
MAPK1	MAPK1	Definite	MAPK1	CHEMBL259551	""	DrugBank	10592235
MAPK1	MAPK1	Definite	MAPK1	Refametinib	""	TdgClinicalTrial	""
MAPK1	MAPK1	Definite	MAPK1	MEDRONIC ACID	""	NCI	15590626
MAPK1	MAPK1	Definite	MAPK1	ERLOTINIB	""	CIViC	26181029
MAPK1	MAPK1	Definite	MAPK1	SB-203580	""	DrugBank	10592235
MAPK1	MAPK1	Definite	MAPK1	REBAMIPIDE	""	NCI	17171453
MAPK1	MAPK1	Definite	MAPK1	DOXIFLURIDINE	""	NCI	12408764
MAPK1	MAPK1	Definite	MAPK1	IROFULVEN	""	NCI	12014623
MAPK1	MAPK1	Definite	MAPK1	ETHER	""	NCI	16081674
MAPK1	MAPK1	Definite	MAPK1	CHEMBL219841	""	DrugBank	10592235
MAPK1	MAPK1	Definite	MAPK1	URACIL	""	NCI	17076658
MAPK1	MAPK1	Definite	MAPK1	SB-220025	""	DrugBank	10592235
MAPK1	MAPK1	Definite	MAPK1	OLOMOUCINE	""	DrugBank	10592235
NFKB1	NFKB1	Definite	NFKB1	THALIDOMIDE	antagonist	TdgClinicalTrial|TEND|DrugBank	11752352|15723633
NFKB1	NFKB1	Definite	NFKB1	TRIFLUSAL	antagonist	DrugBank	18317243|17194886|19465361|15678110
NFKB1	NFKB1	Definite	NFKB1	CUSTIRSEN	""	DrugBank	""
NFKB1	NFKB1	Definite	NFKB1	BARDOXOLONE	""	TdgClinicalTrial	""
NFKB1	NFKB1	Definite	NFKB1	SGN-30	""	DrugBank	""
NFKB1	NFKB1	Definite	NFKB1	PRANLUKAST	""	DrugBank	12801316|12801315
NFKB1	NFKB1	Definite	NFKB1	OMTRIPTOLIDE SODIUM	""	TdgClinicalTrial	""
NFKB1	NFKB1	Definite	NFKB1	BORTEZOMIB	""	ClearityFoundationClinicalTrial	""
MAPK14	MAPK14	Definite	MAPK14	PF-03715455	inhibitor	GuideToPharmacologyInteractions|ChemblInteractions	""
MAPK14	MAPK14	Definite	MAPK14	CHEMBL1236539	inhibitor	GuideToPharmacologyInteractions	""
MAPK14	MAPK14	Definite	MAPK14	Acumapimod	inhibitor	GuideToPharmacologyInteractions|ChemblInteractions	""
MAPK14	MAPK14	Definite	MAPK14	AZD-6703	inhibitor	GuideToPharmacologyInteractions|ChemblInteractions	""
MAPK14	MAPK14	Definite	MAPK14	BMS-582949	inhibitor	TdgClinicalTrial|GuideToPharmacologyInteractions|ChemblInteractions	""
MAPK14	MAPK14	Definite	MAPK14	PROPOXYPHENE	inhibitor	GuideToPharmacologyInteractions	""
MAPK14	MAPK14	Definite	MAPK14	DILMAPIMOD	inhibitor	TdgClinicalTrial|GuideToPharmacologyInteractions|ChemblInteractions|TTD	""
MAPK14	MAPK14	Definite	MAPK14	DORAMAPIMOD	inhibitor	GuideToPharmacologyInteractions|ChemblInteractions|DrugBank	17139284|17016423
MAPK14	MAPK14	Definite	MAPK14	LOSMAPIMOD	inhibitor	GuideToPharmacologyInteractions|ChemblInteractions|TTD	""
MAPK14	MAPK14	Definite	MAPK14	CHEMBL1951415	inhibitor	GuideToPharmacologyInteractions	""
MAPK14	MAPK14	Definite	MAPK14	PH-797804	inhibitor	TdgClinicalTrial|GuideToPharmacologyInteractions|ChemblInteractions|DrugBank	10592235
MAPK14	MAPK14	Definite	MAPK14	CHEMBL306380	inhibitor	GuideToPharmacologyInteractions	""
MAPK14	MAPK14	Definite	MAPK14	RALIMETINIB	inhibitor	GuideToPharmacologyInteractions|ChemblInteractions	""
MAPK14	MAPK14	Definite	MAPK14	SB-202190	inhibitor	GuideToPharmacologyInteractions	""
MAPK14	MAPK14	Definite	MAPK14	SB-203580	inhibitor	GuideToPharmacologyInteractions|DrugBank	10592235
MAPK14	MAPK14	Definite	MAPK14	SB-220025	inhibitor	GuideToPharmacologyInteractions|DrugBank	10592235|17139284|17016423
MAPK14	MAPK14	Definite	MAPK14	CHEMBL313417	inhibitor	GuideToPharmacologyInteractions	""
MAPK14	MAPK14	Definite	MAPK14	TAK-715	inhibitor	GuideToPharmacologyInteractions|ChemblInteractions	""
MAPK14	MAPK14	Definite	MAPK14	TALMAPIMOD	inhibitor	TdgClinicalTrial|GuideToPharmacologyInteractions|ChemblInteractions|DrugBank	""
MAPK14	MAPK14	Definite	MAPK14	VX-702	inhibitor	TdgClinicalTrial|GuideToPharmacologyInteractions|ChemblInteractions|DrugBank	""
MAPK14	MAPK14	Definite	MAPK14	VX-745	inhibitor	GuideToPharmacologyInteractions|ChemblInteractions|DrugBank	10592235
MAPK14	MAPK14	Definite	MAPK14	GSK-610677	inhibitor	ChemblInteractions|TTD	""
MAPK14	MAPK14	Definite	MAPK14	LEO-15520	inhibitor	ChemblInteractions	""
MAPK14	MAPK14	Definite	MAPK14	R-1487 (CHEMBL1766582)	inhibitor	ChemblInteractions	""
MAPK14	MAPK14	Definite	MAPK14	Ro-3201195	inhibitor	ChemblInteractions|DrugBank	10592235
MAPK14	MAPK14	Definite	MAPK14	RWJ-67657	inhibitor	ChemblInteractions	""
MAPK14	MAPK14	Definite	MAPK14	SC-80036	inhibitor	ChemblInteractions	""
MAPK14	MAPK14	Definite	MAPK14	SCIO-323	inhibitor	ChemblInteractions	""
MAPK14	MAPK14	Definite	MAPK14	SD-0006	inhibitor	ChemblInteractions|DrugBank	10592235
MAPK14	MAPK14	Definite	MAPK14	TA-5493	inhibitor	ChemblInteractions	""
MAPK14	MAPK14	Definite	MAPK14	ARRY-797	inhibitor	TdgClinicalTrial|ChemblInteractions	""
MAPK14	MAPK14	Definite	MAPK14	SEMAPIMOD	inhibitor	TdgClinicalTrial|ChemblInteractions	""
MAPK14	MAPK14	Definite	MAPK14	PG-760564	inhibitor	ChemblInteractions	""
MAPK14	MAPK14	Definite	MAPK14	PS-516895	inhibitor	ChemblInteractions	""
MAPK14	MAPK14	Definite	MAPK14	FX-005	inhibitor	ChemblInteractions	""
MAPK14	MAPK14	Definite	MAPK14	AMG-548	inhibitor	ChemblInteractions	""
MAPK14	MAPK14	Definite	MAPK14	AVE-9940	inhibitor	ChemblInteractions	""
MAPK14	MAPK14	Definite	MAPK14	SB-85635	inhibitor	ChemblInteractions	""
MAPK14	MAPK14	Definite	MAPK14	KC-706	inhibitor	TdgClinicalTrial|ChemblInteractions|DrugBank	""
MAPK14	MAPK14	Definite	MAPK14	PAMAPIMOD	inhibitor	ChemblInteractions	""
MAPK14	MAPK14	Definite	MAPK14	Pexmetinib	inhibitor	TdgClinicalTrial|ChemblInteractions	""
MAPK14	MAPK14	Definite	MAPK14	LY-3007113	inhibitor	ChemblInteractions	""
MAPK14	MAPK14	Definite	MAPK14	AZD-7624	inhibitor	ChemblInteractions	""
MAPK14	MAPK14	Definite	MAPK14	CHEMBL305178	""	DrugBank	17139284|17016423
MAPK14	MAPK14	Definite	MAPK14	DOXORUBICIN	""	NCI	16905201|15557793
MAPK14	MAPK14	Definite	MAPK14	VASOPRESSIN	""	NCI	10679516|11029753
MAPK14	MAPK14	Definite	MAPK14	EPOETIN BETA	""	NCI	10590051
MAPK14	MAPK14	Definite	MAPK14	HYDROGEN PEROXIDE	""	NCI	9706151
MAPK14	MAPK14	Definite	MAPK14	CHEMBL194009	""	DrugBank	10592235|17139284|17016423
MAPK14	MAPK14	Definite	MAPK14	CHEMBL494072	""	DrugBank	10592235
MAPK14	MAPK14	Definite	MAPK14	CHEMBL194322	""	DrugBank	10592235
MAPK14	MAPK14	Definite	MAPK14	CHEMBL237127	""	DrugBank	10592235
MAPK14	MAPK14	Definite	MAPK14	RALIMETINIB MESYLATE	""	ClearityFoundationClinicalTrial	""
MAPK14	MAPK14	Definite	MAPK14	SULINDAC SULFIDE	""	NCI	15657353
MAPK14	MAPK14	Definite	MAPK14	CHEMBL87277	""	DrugBank	10592235|17139284|17016423
MAPK14	MAPK14	Definite	MAPK14	CHEMBL193156	""	DrugBank	10592235|17139284|17016423
MAPK14	MAPK14	Definite	MAPK14	2-CHLOROPHENOL	""	DrugBank	17139284|17016423
MAPK14	MAPK14	Definite	MAPK14	CHEMBL564912	""	DrugBank	17139284|17016423
MAPK14	MAPK14	Definite	MAPK14	CHEMBL252128	""	DrugBank	10592235
MAPK14	MAPK14	Definite	MAPK14	MORPHINE	""	NCI	11937560
MAPK14	MAPK14	Definite	MAPK14	CHEMBL492265	""	DrugBank	10592235
MAPK14	MAPK14	Definite	MAPK14	CHEMBL29641	""	DrugBank	10592235|17139284|17016423
MAPK14	MAPK14	Definite	MAPK14	RESVERATROL	""	NCI	16525036
MAPK14	MAPK14	Definite	MAPK14	CHEMBL193264	""	DrugBank	10592235
MAPK14	MAPK14	Definite	MAPK14	CHEMBL199237	""	DrugBank	10592235
MAPK14	MAPK14	Definite	MAPK14	CHEMBL559401	""	DrugBank	10592235
MAPK14	MAPK14	Definite	MAPK14	CHEMBL425616	""	DrugBank	10592235
MAPK14	MAPK14	Definite	MAPK14	CHEMBL197277	""	DrugBank	10592235
MAPK14	MAPK14	Definite	MAPK14	CHEMBL379760	""	DrugBank	10592235
MAPK14	MAPK14	Definite	MAPK14	PHORBOL MYRISTATE ACETATE	""	NCI	12919900
MAPK14	MAPK14	Definite	MAPK14	METHOXSALEN	""	NCI	15711930
MAPK14	MAPK14	Definite	MAPK14	LITHIUM	""	NCI	12558976
MAPK14	MAPK14	Definite	MAPK14	HALOPERIDOL	""	NCI	11080184
MAPK14	MAPK14	Definite	MAPK14	DOXYCYCLINE	""	NCI	16643899
MAPK14	MAPK14	Definite	MAPK14	CHEMBL191598	""	DrugBank	10592235
MAPK14	MAPK14	Definite	MAPK14	2-METHOXYESTRADIOL	""	NCI	17012370
MAPK14	MAPK14	Definite	MAPK14	CHEMBL522387	""	DrugBank	10592235
MAPK14	MAPK14	Definite	MAPK14	CHEMBL258202	""	DrugBank	10592235
MAPK14	MAPK14	Definite	MAPK14	CHEMBL478649	""	DrugBank	10592235
MAPK14	MAPK14	Definite	MAPK14	CHEMBL273158	""	DrugBank	10592235
MAPK14	MAPK14	Definite	MAPK14	CHEMBL410668	""	DrugBank	10592235
MAPK14	MAPK14	Definite	MAPK14	CHEMBL96741	""	DrugBank	10592235
MAPK14	MAPK14	Definite	MAPK14	RAVIDASVIR	""	NCI	15313431
MAPK14	MAPK14	Definite	MAPK14	CHEMBL195393	""	DrugBank	10592235
MAPK14	MAPK14	Definite	MAPK14	GW607117X	""	DrugBank	10592235
MAPK14	MAPK14	Definite	MAPK14	CHEMBL590753	""	DrugBank	10592235
MAPK14	MAPK14	Definite	MAPK14	CHEMBL365776	""	DrugBank	10592235
MAPK14	MAPK14	Definite	MAPK14	CHEMBL85860	""	DrugBank	10592235|17139284|17016423
MAPK14	MAPK14	Definite	MAPK14	CHEMBL94417	""	DrugBank	10592235|17139284|17016423
MAPK14	MAPK14	Definite	MAPK14	PIRFENIDONE	""	TdgClinicalTrial	""
MAPK14	MAPK14	Definite	MAPK14	CHEMBL380373	""	DrugBank	10592235
MAPK14	MAPK14	Definite	MAPK14	CHEMBL371491	""	DrugBank	10592235
MAPK14	MAPK14	Definite	MAPK14	CHEMBL522579	""	DrugBank	10592235
MAPK14	MAPK14	Definite	MAPK14	CHEMBL257341	""	DrugBank	10592235
MAPK14	MAPK14	Definite	MAPK14	CHEMBL195450	""	DrugBank	10592235
MAPK3	MAPK3	Definite	MAPK3	SULINDAC	inhibitor	DrugBank	15548677|16546990|11245463|12566304|16138927
MAPK3	MAPK3	Definite	MAPK3	ARSENIC TRIOXIDE	inducer	TdgClinicalTrial|DrugBank	17158527|12472888|14516795|14674888|15849723
MAPK3	MAPK3	Definite	MAPK3	Ulixertinib	inhibitor	GuideToPharmacologyInteractions|ChemblInteractions	""
MAPK3	MAPK3	Definite	MAPK3	MK-8353	inhibitor	ChemblInteractions	""
MAPK3	MAPK3	Definite	MAPK3	GDC-0994	inhibitor	ChemblInteractions	""
MAPK3	MAPK3	Definite	MAPK3	PRASTERONE	""	NCI	17102100
MAPK3	MAPK3	Definite	MAPK3	N-METHYL-N-NITROSUREA	""	NCI	12960407
MAPK3	MAPK3	Definite	MAPK3	QUERCETIN	""	NCI	17045724
MAPK3	MAPK3	Definite	MAPK3	CYCLOPHOSPHAMIDE	""	NCI	15193230
MAPK3	MAPK3	Definite	MAPK3	NITROGLYCERIN	""	NCI	16612556
MAPK3	MAPK3	Definite	MAPK3	STANOLONE	""	NCI	16773205
MAPK3	MAPK3	Definite	MAPK3	Refametinib	""	TdgClinicalTrial	""
MAPK3	MAPK3	Definite	MAPK3	ETRETINATE	""	NCI	15824860
MAPK3	MAPK3	Definite	MAPK3	IODOTUBERCIDIN	""	DrugBank	10592235
